-- 사용자 그룹 테이블 기본값 입력
insert into user_group(
	user_group_id, group_key, group_name, parent, depth, view_order, default_yn, use_yn, description
) values(
	1, 'SUPER_ADMIN', '슈퍼 관리자', 0, 1, 1, 'Y', 'Y', '기본값'
), 
(
	2, 'USER', '사용자', 0, 1, 2, 'Y', 'Y', '기본값'
), 
(
	3, 'TEMP', '임시', 0, 1, 3, 'Y', 'Y', '기본값'
);

-- 슈퍼 관리자 등록
insert into user_info(
	user_id, user_group_id, user_name, password, salt, user_role_check_yn, last_login_date
) values (
	'admin', 1, '슈퍼관리자', 'ff36f62843c25808621e598bd6dcbf3bc0c31120ecd78071404e7cc07bc5056479ee50777affb3dc99785932c6e78de24097202e6be5f0710d9ad30e4f26b7ba', '$2a$10$$2a$10$Fts4frXJsVr6SuN2KbKeEO', 'N', now()
);

-- 관리자 메뉴
insert into menu(menu_id, menu_type, name, name_en, parent, depth, view_order, url, css_class, default_yn, use_yn) values(1, '0', '홈', 'HOME', 0 , 1, 1, '/main/index.do', 'glyph-home', 'N', 'N');
insert into menu(menu_id, menu_type, name, name_en, parent, depth, view_order, url, css_class, default_yn, use_yn) values(2, '0', '사용자', 'USER', 0 , 1, 2, '/user/list-user.do', 'glyph-users', 'Y', 'Y');
insert into menu(menu_id, menu_type, name, name_en, parent, depth, view_order, url, css_class, default_yn, use_yn) values(21, '0', '사용자 그룹', 'USER', 2 , 2, 1, '/user/list-user-group.do', 'glyph-users', 'N', 'Y');
insert into menu(menu_id, menu_type, name, name_en, parent, depth, view_order, url, css_class, default_yn, use_yn) values(22, '0', '사용자 목록', 'USER', 2 , 2, 2, '/user/list-user.do', 'glyph-users', 'N', 'Y');
insert into menu(menu_id, menu_type, name, name_en, parent, depth, view_order, url, css_class, default_yn, use_yn) values(23, '0', '사용자 등록', 'USER', 2 , 2, 3, '/user/input-user.do', 'glyph-users', 'N', 'Y');
insert into menu(menu_id, menu_type, name, name_en, parent, depth, view_order, url, url_alias, css_class, default_yn, use_yn, display_yn) 
values(24, '0', '사용자 비밀번호 변경', 'USER', 2 , 2, 4, '/user/modify-password.do', '/user/list-user.do', 'glyph-users', 'N', 'Y', 'N');
insert into menu(menu_id, menu_type, name, name_en, parent, depth, view_order, url, url_alias, css_class, default_yn, use_yn, display_yn) 
values(25, '0', '사용자 비밀번호 변경', 'USER', 2 , 2, 5, '/user/update-password.do', '/user/list-user.do', 'glyph-users', 'N', 'Y', 'N');
insert into menu(menu_id, menu_type, name, name_en, parent, depth, view_order, url, url_alias, css_class, default_yn, use_yn, display_yn) 
values(26, '0', '사용자 정보 수정', 'USER', 2 , 2, 6, '/user/modify-user.do', '/user/list-user.do', 'glyph-users', 'N', 'Y', 'N');
insert into menu(menu_id, menu_type, name, name_en, parent, depth, view_order, url, url_alias, css_class, default_yn, use_yn, display_yn) 
values(27, '0', '사용자 상세 정보', 'USER', 2 , 2, 7, '/user/detail-user.do', '/user/list-user.do', 'glyph-users', 'N', 'Y', 'N');

insert into menu(menu_id, menu_type, name, name_en, parent, depth, view_order, url, css_class, default_yn, use_yn) values(3, '0', '데이터', 'DATA', 0 , 1, 3, '/data/list-data.do', 'glyph-monitor', 'Y', 'Y');
insert into menu(menu_id, menu_type, name, name_en, parent, depth, view_order, url, css_class, default_yn, use_yn) values(31, '0', '프로젝트 목록', 'DATA', 3 , 2, 1, '/data/list-project.do', 'glyph-monitor', 'N', 'Y');
insert into menu(menu_id, menu_type, name, name_en, parent, depth, view_order, url, css_class, default_yn, use_yn) values(32, '0', '프로젝트 등록', 'DATA', 3 , 2, 2, '/data/input-project.do', 'glyph-monitor', 'N', 'Y');
insert into menu(menu_id, menu_type, name, name_en, parent, depth, view_order, url, url_alias, css_class, default_yn, use_yn, display_yn) 
values(33, '0', '프로젝트 상세', 'DATA', 3 , 2, 3, '/data/modify-project.do', '/data/list-project.do', 'glyph-monitor', 'N', 'Y', 'N');
insert into menu(menu_id, menu_type, name, name_en, parent, depth, view_order, url, css_class, default_yn, use_yn) values(35, '0', '데이터 목록', 'DATA', 3 , 2, 5, '/data/list-data.do', 'glyph-monitor', 'N', 'Y');
insert into menu(menu_id, menu_type, name, name_en, parent, depth, view_order, url, css_class, default_yn, use_yn) values(36, '0', '데이터 등록', 'DATA', 3 , 2, 6, '/data/input-data.do', 'glyph-monitor', 'N', 'Y');
insert into menu(menu_id, menu_type, name, name_en, parent, depth, view_order, url, css_class, default_yn, use_yn) values(37, '0', '변경 요청 목록', 'DATA', 3 , 2, 7, '/data/list-data-log.do', 'glyph-monitor', 'N', 'Y');
insert into menu(menu_id, menu_type, name, name_en, parent, depth, view_order, url, url_alias, css_class, default_yn, use_yn, display_yn) 
values(38, '0', '데이터 상세', 'DATA', 3 , 2, 8, '/data/detail-data.do', '/data/list-data.do', 'glyph-monitor', 'N', 'Y', 'N');
insert into menu(menu_id, menu_type, name, name_en, parent, depth, view_order, url, url_alias, css_class, default_yn, use_yn, display_yn) 
values(39, '0', '데이터 수정', 'DATA', 3 , 2, 9, '/data/modify-data.do', '/data/list-data.do', 'glyph-monitor', 'N', 'Y', 'N');



insert into menu(menu_id, menu_type, name, name_en, parent, depth, view_order, url, css_class, default_yn, use_yn) values(8, '0', '환경설정', 'CONFIGURATION', 0 , 1, 8, '/config/modify-policy.do', 'glyph-settings', 'Y', 'Y');
insert into menu(menu_id, menu_type, name, name_en, parent, depth, view_order, url, css_class, default_yn, use_yn) values(81, '0', '운영정책', 'CONFIGURATION', 8 , 2, 1, '/config/modify-policy.do', 'glyph-settings', 'Y', 'Y');
insert into menu(menu_id, menu_type, name, name_en, parent, depth, view_order, url, css_class, default_yn, use_yn) values(82, '0', '메뉴설정', 'CONFIGURATION', 8 , 2, 2, '/config/list-menu.do', 'glyph-settings', 'Y', 'Y');
insert into menu(menu_id, menu_type, name, name_en, parent, depth, view_order, url, css_class, default_yn, use_yn) values(84, '0', '위젯설정', 'CONFIGURATION', 8 , 2, 4, '/config/modify-widget.do', 'glyph-settings', 'N', 'Y');
insert into menu(menu_id, menu_type, name, name_en, parent, depth, view_order, url, css_class, default_yn, use_yn) values(85, '0', '권한설정', 'CONFIGURATION', 8 , 2, 5, '/role/list-role.do', 'glyph-settings', 'N', 'Y');
insert into menu(menu_id, menu_type, name, name_en, parent, depth, view_order, url, url_alias, css_class, default_yn, use_yn, display_yn) 
values(87, '0', '권한 설정 수정', 'CONFIGURATION', 8 , 2, 7, '/role/modify-role.do', '/role/list-role.do', 'glyph-settings', 'N', 'Y', 'N');
insert into menu(menu_id, menu_type, name, name_en, parent, depth, view_order, url, url_alias, css_class, default_yn, use_yn, display_yn) 
values(88, '0', '권한 설정 등록', 'CONFIGURATION', 8 , 2, 8, '/role/input-role.do', '/role/list-role.do', 'glyph-settings', 'N', 'Y', 'N');
insert into menu(menu_id, menu_type, name, name_en, parent, depth, view_order, url, url_alias, css_class, default_yn, use_yn, display_yn) 
values(89, '0', '공통 코드 수정', 'CONFIGURATION', 8 , 2, 9, '/code/modify-code.do', '/code/list-code.do', 'glyph-settings', 'N', 'Y', 'N');


-- 사용자 그룹별 메뉴
insert into user_group_menu(user_group_menu_id, user_group_id, menu_id) values (1, 1, 1);
insert into user_group_menu(user_group_menu_id, user_group_id, menu_id) values (2, 1, 2);
insert into user_group_menu(user_group_menu_id, user_group_id, menu_id) values (21, 1, 21);
insert into user_group_menu(user_group_menu_id, user_group_id, menu_id) values (22, 1, 22);
insert into user_group_menu(user_group_menu_id, user_group_id, menu_id) values (23, 1, 23);
insert into user_group_menu(user_group_menu_id, user_group_id, menu_id) values (24, 1, 24);
insert into user_group_menu(user_group_menu_id, user_group_id, menu_id) values (25, 1, 25);
insert into user_group_menu(user_group_menu_id, user_group_id, menu_id) values (26, 1, 26);
insert into user_group_menu(user_group_menu_id, user_group_id, menu_id) values (27, 1, 27);
insert into user_group_menu(user_group_menu_id, user_group_id, menu_id) values (3, 1, 3);
insert into user_group_menu(user_group_menu_id, user_group_id, menu_id) values (31, 1, 31);
insert into user_group_menu(user_group_menu_id, user_group_id, menu_id) values (32, 1, 32);
insert into user_group_menu(user_group_menu_id, user_group_id, menu_id) values (33, 1, 33);
insert into user_group_menu(user_group_menu_id, user_group_id, menu_id) values (35, 1, 35);
insert into user_group_menu(user_group_menu_id, user_group_id, menu_id) values (36, 1, 36);
insert into user_group_menu(user_group_menu_id, user_group_id, menu_id) values (37, 1, 37);
insert into user_group_menu(user_group_menu_id, user_group_id, menu_id) values (38, 1, 38);
insert into user_group_menu(user_group_menu_id, user_group_id, menu_id) values (39, 1, 39);

insert into user_group_menu(user_group_menu_id, user_group_id, menu_id) values (8, 1, 8);
insert into user_group_menu(user_group_menu_id, user_group_id, menu_id) values (81, 1, 81);
insert into user_group_menu(user_group_menu_id, user_group_id, menu_id) values (82, 1, 82);
insert into user_group_menu(user_group_menu_id, user_group_id, menu_id) values (84, 1, 84);
insert into user_group_menu(user_group_menu_id, user_group_id, menu_id) values (85, 1, 85);
insert into user_group_menu(user_group_menu_id, user_group_id, menu_id) values (87, 1, 87);
insert into user_group_menu(user_group_menu_id, user_group_id, menu_id) values (88, 1, 88);
insert into user_group_menu(user_group_menu_id, user_group_id, menu_id) values (89, 1, 89);


-- 메인 화면 위젯
insert into widget(	widget_id, name, view_order, user_id) values(NEXTVAL('widget_seq'), 'projectWidget', 1, 'admin' );
insert into widget(	widget_id, name, view_order, user_id) values(NEXTVAL('widget_seq'), 'dataInfoWidget', 2, 'admin' );
insert into widget(	widget_id, name, view_order, user_id) values(NEXTVAL('widget_seq'), 'dataInfoLogListWidget', 3, 'admin' );
insert into widget(	widget_id, name, view_order, user_id) values(NEXTVAL('widget_seq'), 'userWidget', 4, 'admin' );
insert into widget(	widget_id, name, view_order, user_id) values(NEXTVAL('widget_seq'), 'accessLogWidget', 5, 'admin' );
insert into widget(	widget_id, name, view_order, user_id) values(NEXTVAL('widget_seq'), 'dbcpWidget', 6, 'admin' );
insert into widget(	widget_id, name, view_order, user_id) values(NEXTVAL('widget_seq'), 'dbSessionWidget', 7, 'admin' );


-- 공통 코드
insert into common_code (
	code_type, code_key, code_name, code_name_en, code_value, use_yn, view_order
) values (
  	'USER_REGISTER_TYPE', 'USER_REGISTER_SELF', '관리자 등록', 'ADMIN INSERT', 'SELF', 'Y', 1
);
insert into common_code (
	code_type, code_key, code_name, code_name_en, code_value, use_yn, view_order
) values (
	'USER_EMAIL', 'GMAIL', 'GMAIL', 'GMAIL', 'gmail.com', 'Y', 2
);

insert into common_code (
	code_type, code_key, code_name, code_name_en, code_value, use_yn, view_order, css_class, image
) values (
	'ISSUE_PRIORITY', 'ISSUE_PRIORITY_LEVEL1', '매우중요', 'LEVEL1', 'LEVEL1', 'Y', 1, 'i1', ''
);
insert into common_code (
	code_type, code_key, code_name, code_name_en, code_value, use_yn, view_order, css_class, image
) values (
	'ISSUE_PRIORITY', 'ISSUE_PRIORITY_LEVEL2', '중요', 'LEVEL2', 'LEVEL2', 'Y', 2, 'i2', ''
);
insert into common_code (
	code_type, code_key, code_name, code_name_en, code_value, use_yn, view_order, css_class, image
) values (
	'ISSUE_PRIORITY', 'ISSUE_PRIORITY_LEVEL3', '보통', 'LEVEL3', 'LEVEL3', 'Y', 3, 'i3', ''
);
insert into common_code (
	code_type, code_key, code_name, code_name_en, code_value, use_yn, view_order, css_class, image
) values (
	'ISSUE_PRIORITY', 'ISSUE_PRIORITY_LEVEL4', '낮음', 'LEVEL4', 'LEVEL4', 'Y', 4, 'i4', ''
);

insert into common_code (
	code_type, code_key, code_name, code_name_en, code_value, use_yn, view_order, css_class, image
) values (
	'ISSUE_TYPE', 'ISSUE_TYPE_BUGGER', '버그', 'BUGGER', 'BUGGER', 'Y', 1, 't1', 'bugger'
);
insert into common_code (
	code_type, code_key, code_name, code_name_en, code_value, use_yn, view_order, css_class, image
) values (
	'ISSUE_TYPE', 'ISSUE_TYPE_IMPROVE', '개선', 'IMPROVE', 'IMPROVE', 'Y', 2, 't2', 'improve'
);
insert into common_code (
	code_type, code_key, code_name, code_name_en, code_value, use_yn, view_order, css_class, image
) values (
	'ISSUE_TYPE', 'ISSUE_TYPE_MODIFY', '수정', 'MODIFY', 'MODIFY', 'Y', 3, 't3', 'modify'
);
insert into common_code (
	code_type, code_key, code_name, code_name_en, code_value, use_yn, view_order, css_class, image
) values (
	'ISSUE_TYPE', 'ISSUE_TYPE_ETC', '기타', 'ETC', 'ETC', 'Y', 4, 't4', 'etc'
);

insert into common_code (
	code_type, code_key, code_name, code_name_en, code_value, use_yn, view_order
) values (
	'ISSUE_STATUS', 'ISSUE_STATUS_INSERT', '등록', 'INSERT', 'INSERT', 'Y', 1
);
insert into common_code (
	code_type, code_key, code_name, code_name_en, code_value, use_yn, view_order
) values (
	'ISSUE_STATUS', 'ISSUE_STATUS_PROGRESS', '진행중', 'PROGRESS', 'PROGRESS', 'Y', 2
);
insert into common_code (
	code_type, code_key, code_name, code_name_en, code_value, use_yn, view_order
) values (
	'ISSUE_STATUS', 'ISSUE_STATUS_COMPLETE', '완료', 'COMPLETE', 'COMPLETE', 'Y', 3
);
insert into common_code (
	code_type, code_key, code_name, code_name_en, code_value, use_yn, view_order
) values (
	'ISSUE_STATUS', 'ISSUE_STATUS_REJECT', '반려', 'REJECT', 'REJECT', 'Y', 4
);
insert into common_code (
	code_type, code_key, code_name, code_name_en, code_value, use_yn, view_order
) values (
  	'DATA_REGISTER_TYPE', 'DATA_REGISTER_SELF', '관리자 등록', 'ADMIN INSERT', 'SELF', 'Y', 1
);





-- 운영 정책
insert into policy(	policy_id, password_exception_char, site_name, site_admin_mobile_phone, site_admin_email) 
			values( 1, '<>&''"', 'Mago3D', 'u1Cgl3H66Gx6ruL48dZzgw==', '88qb9Zh2qZAaxa0MR2LXJA==');

-- Role
insert into role(role_id, role_name, role_key, role_type, business_type, use_yn, default_yn) values(NEXTVAL('role_seq'), '사용자 페이지 접근 권한', 'USER_USER_LOGIN', '0', '0', 'Y', 'N');
insert into role(role_id, role_name, role_key, role_type, business_type, use_yn, default_yn) values(NEXTVAL('role_seq'), '관리자 페이지 접근 권한', 'USER_ADMIN_LOGIN', '0', '0', 'Y', 'N');
insert into role(role_id, role_name, role_key, role_type, business_type, use_yn, default_yn) values(NEXTVAL('role_seq'), '프로젝트 등록 권한', 'PROJECT_INSERT', '0', '0', 'Y', 'N');
insert into role(role_id, role_name, role_key, role_type, business_type, use_yn, default_yn) values(NEXTVAL('role_seq'), '프로젝트 수정 권한', 'PROJECT_UPDATE', '0', '0', 'Y', 'N');
insert into role(role_id, role_name, role_key, role_type, business_type, use_yn, default_yn) values(NEXTVAL('role_seq'), '프로젝트 삭제 권한', 'PROJECT_DELETE', '0', '0', 'Y', 'N');
insert into role(role_id, role_name, role_key, role_type, business_type, use_yn, default_yn) values(NEXTVAL('role_seq'), '데이터 등록 권한', 'DATA_INSERT', '0', '0', 'Y', 'N');
insert into role(role_id, role_name, role_key, role_type, business_type, use_yn, default_yn) values(NEXTVAL('role_seq'), '데이터 수정 권한', 'DATA_UPDATE', '0', '0', 'Y', 'N');
insert into role(role_id, role_name, role_key, role_type, business_type, use_yn, default_yn) values(NEXTVAL('role_seq'), '데이터 삭제 권한', 'DATA_DELETE', '0', '0', 'Y', 'N');



update policy set 
geo_init_latitude = '37.58199267183209',
geo_init_longitude = '126.60856869381428',
geo_init_height = '550',
geo_init_duration = 5,
geo_server_url = 'http://localhost:8081/geoserver/gaia3d/wms',
geo_server_layers = 'gaia3d:backgroundForSHI',
geo_server_parameters_service = 'WMS',
geo_server_parameters_version = '1.1.1',
geo_server_parameters_request = 'GetMap',
geo_server_parameters_transparent = 'true',
geo_server_parameters_format = 'image/png',
geo_callback_enable = 'true',
geo_callback_apiresult = 'showApiResult',
geo_callback_dataInfo = 'showDataInfo',
geo_callback_moveddata = 'showMovedData',
geo_callback_selectedobject = 'showSelectedObject',
geo_callback_insertissue = 'showInsertIssueLayer',
geo_callback_clickposition = 'showClickPosition';

commit;




insert into project(
	project_id, project_key, project_name, view_order, use_yn, latitude, longitude, height, duration
) values(
	nextval('project_seq'), '3ds', '3DS 통합 가시화', '1', 'Y', '37.58210', '126.60856869381428', '550', 3
);
insert into project(
	project_id, project_key, project_name, view_order, use_yn, latitude, longitude, height, duration
) values(
	nextval('project_seq'), 'ifc_cultural_assets', 'IFC(Cultural Assets)', '2', 'Y', '37.57981', '126.97772995695296', '80', 3
);
insert into project(
	project_id, project_key, project_name, view_order, use_yn, latitude, longitude, height, duration
) values(
	nextval('project_seq'), 'ifc', 'IFC', '3', 'Y', '-62.2237', '-58.787', '270', 5
);
insert into project(
	project_id, project_key, project_name, view_order, use_yn, latitude, longitude, height, duration
) values(
	nextval('project_seq'), 'ifc_mep', 'IFC(MEP)', '4', 'Y', '37.6636', '126.738234', '150', 3
);
insert into project(
	project_id, project_key, project_name, view_order, use_yn, latitude, longitude, height, duration
) values(
	nextval('project_seq'), 'sea_port', 'Sea Port', '5', 'Y', '37.440778', '126.598426', '630', 3
);
insert into project(
	project_id, project_key, project_name, view_order, use_yn, latitude, longitude, height, duration
) values(
	nextval('project_seq'), 'collada', 'Collada 통합 가시화', '6', 'Y', '37.567450', '126.7987', '320', 3
);
insert into project(
	project_id, project_key, project_name, view_order, use_yn, latitude, longitude, height, duration
) values(
	nextval('project_seq'), 'ifc_japan', 'IFC(Japan)', '7', 'Y', '35.6624', '139.6842', '320', 3
);
commit;
















